noise_level,rms_classical,rms_cnn
1,1.9515047221018367,1.9229693482456292
3,1.9622513163699578,1.9353225812198875
5,1.983569655239321,1.9598340292352787
10,2.0805866666124753,2.0714615154178535
20,2.430194542188573,2.4745677958235426
