noise_level,rms_classical,rms_cnn
1,1.591776769264332,1.8629365904684403
3,1.6005550817278942,1.87503732196994
5,1.6179688361856739,1.8990472813484545
10,1.697216162571542,2.008392206820428
20,1.9827847884295082,2.4032621603336564
