dropout_frac,rms_classical,rms_cnn
0.0,1.623978374681156,1.9040311127404086
0.1,1.5454383332190818,1.780549990338312
0.2,1.4776811073400027,1.6681358677247697
0.3,1.3654905013534424,1.5319538639495198
0.5,1.1655468419169708,1.2320513798822446
