noise_level,rms_classical,rms_cnn
1,1.490154347091286,0.8781168783513668
3,1.4983306198461448,0.8836787538203091
5,1.5145506451028825,0.8947153811627032
10,1.5883742875792382,0.9449998861261985
20,1.8544950448540902,1.1267511672147348
