dropout_frac,rms_classical,rms_cnn
0.0,1.9936142815088262,1.9626649256085733
0.1,1.886695662390826,1.8437829450128222
0.2,1.78398435606512,1.717886590460588
0.3,1.660529450620402,1.578084429098765
0.5,1.4394893876827926,1.2717751013883225
