dropout_frac,rms_classical,rms_cnn
0.0,1.573898507657821,0.8952956096721126
0.1,1.5000969794156518,0.8406779273716579
0.2,1.399582053887963,0.785353894224808
0.3,1.3261060451071272,0.7371724105699756
0.5,1.0934141558597985,0.6087276002269162
