{
  "train_loss": [
    0.12013397480432804,
    0.07420945855287406,
    0.04231789507544958,
    0.026960875409153793,
    0.022220187032451995,
    0.018086942915733043,
    0.01514523347409872,
    0.013280401149621377,
    0.011950869757968646,
    0.010478091999315299,
    0.010111498718078319,
    0.008771476837304922,
    0.00866023225423235,
    0.008519576575893622,
    0.007980013624406777,
    0.007301648326504689,
    0.007943694229022814,
    0.006809085392608092,
    0.007367130583868577,
    0.006994330073491885,
    0.006855375993137176,
    0.006341936568228098,
    0.006548195253484524,
    0.006316895560862927,
    0.006494848236728173,
    0.006252622267661186,
    0.006252206933613007,
    0.005942153457838755,
    0.00553165591106965,
    0.005486254150477739,
    0.0051095220976724075,
    0.00563327269628644,
    0.005511102983011649,
    0.005373703100933478,
    0.005259723080178866,
    0.00517880476008241,
    0.0051405562016253285,
    0.004940909154426593,
    0.005117497586000424,
    0.004980825568334415,
    0.005035445362759324,
    0.00499549311084243,
    0.005296320152970461,
    0.0053033297523283045,
    0.005008721724152565,
    0.005091153837453861,
    0.005040404064437518,
    0.005211278115614102,
    0.0049580511135550644,
    0.005057830417242188
  ],
  "val_loss": [
    0.12756754457950592,
    0.05970641225576401,
    0.044607036747038364,
    0.018429052084684372,
    0.01632971130311489,
    0.010387214366346598,
    0.006319889333099127,
    0.0050151393515989184,
    0.00465099501889199,
    0.004029144824016839,
    0.004200351831968874,
    0.0037627429701387882,
    0.0037834105314686894,
    0.003935628745239228,
    0.0039695927407592535,
    0.0030074857641011477,
    0.0035039346548728645,
    0.002750706044025719,
    0.0027051378856413066,
    0.002768967708107084,
    0.002616320503875613,
    0.0026596177485771477,
    0.003024339326657355,
    0.0025604277034290135,
    0.0023888771538622677,
    0.0027411773917265236,
    0.002054602518910542,
    0.0022051960695534945,
    0.001955718151293695,
    0.002171761298086494,
    0.002116186253260821,
    0.0020144816080573946,
    0.0021486645855475217,
    0.00218619080260396,
    0.001959022192750126,
    0.0017910865717567503,
    0.001804307452403009,
    0.001827076863264665,
    0.0018224733357783407,
    0.0018347833829466254,
    0.0018218873592559248,
    0.0017798877379391342,
    0.0017783229413907975,
    0.001729257288388908,
    0.0017105861334130168,
    0.0017377866606693715,
    0.0017445136327296495,
    0.0017231026431545615,
    0.0017330008267890662,
    0.0017542337300255895
  ],
  "val_rms_nm": [
    31.21629524230957,
    21.243375301361084,
    18.37590217590332,
    11.559235095977783,
    11.02181887626648,
    8.82996654510498,
    6.880338072776794,
    6.142864346504211,
    5.927030444145203,
    5.508835196495056,
    5.5810706615448,
    5.319172501564026,
    5.3472113609313965,
    5.43407678604126,
    5.4082030057907104,
    4.735118269920349,
    5.115570068359375,
    4.520341157913208,
    4.482701897621155,
    4.525865197181702,
    4.390512824058533,
    4.415139198303223,
    4.721097350120544,
    4.359991192817688,
    4.197419881820679,
    4.506067752838135,
    3.886595904827118,
    4.034979283809662,
    3.7915506958961487,
    3.9996273517608643,
    3.9539106488227844,
    3.852953016757965,
    3.9720032811164856,
    4.012425363063812,
    3.7987608313560486,
    3.6187576055526733,
    3.6337411999702454,
    3.6566187143325806,
    3.652858018875122,
    3.663953959941864,
    3.6478419303894043,
    3.6139857172966003,
    3.6127601861953735,
    3.5533979535102844,
    3.5349462628364563,
    3.564563751220703,
    3.570744574069977,
    3.5493210554122925,
    3.560712218284607,
    3.58035409450531
  ]
}