{
  "train_loss": [
    0.1235279028232281,
    0.07125224115756842,
    0.03814222592000778,
    0.02651153691112995,
    0.020318758745606128,
    0.016274898384626094,
    0.014408959362369318,
    0.01249635978960074,
    0.010623340781491537,
    0.010096411077448955,
    0.009320707561878057,
    0.008515997610699672,
    0.008652896691973392,
    0.007565418616510355,
    0.007950716257955018,
    0.0072456418823164245,
    0.007001677169822729,
    0.006879974264078415,
    0.00649701664224267,
    0.006074362792647802,
    0.005936416474959025,
    0.005788211209269671,
    0.005713623554374163,
    0.006006138793264444,
    0.0057340344557395345,
    0.0053697588065495854,
    0.0054365608912821,
    0.005120833619282796,
    0.004828112271542733,
    0.0049898272666793605,
    0.004706971669712892,
    0.00485947341299974,
    0.005262196028175263,
    0.005090138552567134,
    0.005129272404771585,
    0.00487782360197833,
    0.005004254527963125,
    0.0046510572294489695,
    0.004482479640640891,
    0.004605677193747117,
    0.004503165067245181,
    0.004861601556722934,
    0.004740112604430089,
    0.004737628194002004,
    0.004579405945080977,
    0.004516768627441847,
    0.004543999568201029,
    0.0045779251600973885,
    0.004711428692994209,
    0.004566143696697859
  ],
  "val_loss": [
    0.1283265706151724,
    0.06075707357376814,
    0.036729928106069565,
    0.03228112543001771,
    0.016317072324454784,
    0.010456192074343562,
    0.005000703269615769,
    0.003962055430747569,
    0.004017871688120067,
    0.0028985258541069925,
    0.0033850742038339376,
    0.003163212211802602,
    0.0038559053791686893,
    0.0025413285475224257,
    0.0024038132978603244,
    0.004236321779899299,
    0.0021916957921348512,
    0.002321681473404169,
    0.0027581991744227707,
    0.002441296528559178,
    0.0021465992904268205,
    0.0026672104722820222,
    0.003498750797007233,
    0.0022773821256123483,
    0.0019184811681043357,
    0.0019073848670814186,
    0.0019971051660832018,
    0.0016497623291797936,
    0.0024616832961328328,
    0.0017513566417619586,
    0.0016251080378424376,
    0.0015933435934130102,
    0.0019510792917571962,
    0.0017702059412840754,
    0.0015549673116765916,
    0.0017797738255467266,
    0.0018539977900218219,
    0.0015633957227692008,
    0.0014366843097377568,
    0.001391684083500877,
    0.0014025492419023067,
    0.0015570815303362906,
    0.0014744032232556492,
    0.0013774188118986785,
    0.0013750095677096397,
    0.0013499359192792326,
    0.0013625618594232947,
    0.0013563564571086317,
    0.0013495861203409731,
    0.00135557766770944
  ],
  "val_rms_nm": [
    31.316913604736328,
    21.354337692260742,
    16.541486263275146,
    15.478175640106201,
    10.967008113861084,
    8.693201780319214,
    6.102907419204712,
    5.449466586112976,
    5.483561277389526,
    4.647185921669006,
    5.023433685302734,
    4.843358159065247,
    5.315598368644714,
    4.344017386436462,
    4.217399001121521,
    5.630630254745483,
    4.032253444194794,
    4.139574706554413,
    4.507863402366638,
    4.244269549846649,
    3.9939000606536865,
    4.4442784786224365,
    5.135688066482544,
    4.122864365577698,
    3.77585107088089,
    3.7388376593589783,
    3.838068664073944,
    3.4870669841766357,
    4.246792316436768,
    3.5904430150985718,
    3.4751903414726257,
    3.4375407695770264,
    3.7871351838111877,
    3.63986337184906,
    3.394762694835663,
    3.6168903708457947,
    3.701389193534851,
    3.407105505466461,
    3.2669572234153748,
    3.2103325724601746,
    3.224578619003296,
    3.4017922282218933,
    3.3120617270469666,
    3.1992846727371216,
    3.193756878376007,
    3.1640304923057556,
    3.175326347351074,
    3.1686267256736755,
    3.1620479226112366,
    3.1694920659065247
  ]
}