{
  "train_loss": [
    0.11601524685437863,
    0.07113541576724786,
    0.03872461917881782,
    0.0232840793637129,
    0.01794200584005851,
    0.014648619752663832,
    0.01224511876129187,
    0.01143007532048684,
    0.010353893399811707,
    0.009812499539783368,
    0.008626998008157197,
    0.008349851920054508,
    0.008385772781016735,
    0.007058140248633348,
    0.006961947665191614,
    0.006693014552673468,
    0.006668179152676692,
    0.006943619917505062,
    0.006085051151995475,
    0.006252818525983737,
    0.006191301768502364,
    0.006035826706255858,
    0.00569646074794806,
    0.005517080712776918,
    0.00495319333500587,
    0.004824267986875314,
    0.0049874667221537,
    0.0049078075501781246,
    0.004933529443895588,
    0.004941945322431051,
    0.004651877688817107,
    0.004525183914945676,
    0.004619777435436845,
    0.004694343777373433,
    0.004915211528826218,
    0.004658234502690343,
    0.004601167067168997,
    0.0044491485191079285,
    0.004438062592481191,
    0.004066588034710059,
    0.004570895161193151,
    0.004324239356300006,
    0.004113174992828415,
    0.004466724241725528,
    0.004330480507073494,
    0.0042702852963255,
    0.004495384243245308,
    0.004215823683457879,
    0.004300750111444638,
    0.004432817956862541
  ],
  "val_loss": [
    0.11685345880687237,
    0.06679571513086557,
    0.032405911944806576,
    0.01857818989083171,
    0.013711214531213045,
    0.0061529758386313915,
    0.005109488149173558,
    0.003524897852912545,
    0.0037883450859226286,
    0.005308359977789223,
    0.0032465371768921614,
    0.0027502456796355546,
    0.003036753390915692,
    0.002445843711029738,
    0.0028619812219403684,
    0.0028146092081442475,
    0.0024584130733273923,
    0.002112407993990928,
    0.002159362833481282,
    0.0019662807462736964,
    0.002075491938740015,
    0.0024949857615865767,
    0.001983029244001955,
    0.0019197190122213215,
    0.0025762274162843823,
    0.0019787795608863235,
    0.0018112261313945055,
    0.0017184812459163368,
    0.0016696722886990756,
    0.00174069163040258,
    0.0016221694822888821,
    0.0014915945648681372,
    0.0015198107284959406,
    0.0015170430415309966,
    0.0015423466975335032,
    0.0015489091165363789,
    0.001445184723706916,
    0.001442514272639528,
    0.0013722607400268316,
    0.001415996375726536,
    0.0013958658382762223,
    0.0013485724630299956,
    0.0013300089922267944,
    0.0013650797482114285,
    0.0013268553302623332,
    0.0013244531000964344,
    0.0013034542207606137,
    0.0013139741495251656,
    0.001306420483160764,
    0.001310660591116175
  ],
  "val_rms_nm": [
    29.875136375427246,
    22.41104745864868,
    15.68441915512085,
    11.782633066177368,
    10.14446234703064,
    6.729641437530518,
    6.125631213188171,
    5.139267325401306,
    5.337106108665466,
    6.288316130638123,
    4.936758995056152,
    4.532755494117737,
    4.745319843292236,
    4.272668838500977,
    4.598282694816589,
    4.543466091156006,
    4.287045478820801,
    3.963942289352417,
    4.010913848876953,
    3.8311678171157837,
    3.9192182421684265,
    4.303717851638794,
    3.8173198103904724,
    3.7836946845054626,
    4.322521984577179,
    3.8124254941940308,
    3.6627475023269653,
    3.563412368297577,
    3.5169953107833862,
    3.5801738500595093,
    3.460477113723755,
    3.32560932636261,
    3.353285014629364,
    3.3514901399612427,
    3.385886311531067,
    3.3850231766700745,
    3.2743924856185913,
    3.2716022729873657,
    3.1871959567070007,
    3.2355858087539673,
    3.2125317454338074,
    3.165899395942688,
    3.14179664850235,
    3.1802031993865967,
    3.1344075798988342,
    3.1317630410194397,
    3.1080976128578186,
    3.1179155707359314,
    3.109559118747711,
    3.1149476766586304
  ]
}