{
  "train_loss": [
    0.07713684153098327,
    0.03398666058022242,
    0.022555979255300302,
    0.01696817412112768,
    0.01380832650913642,
    0.013084227219223976,
    0.011077587492763996,
    0.010179901423935708,
    0.010367955081164837,
    0.008716816906459056,
    0.00866326603751916,
    0.00835262149429092,
    0.007632019213185861,
    0.00731681315944745,
    0.0074264200475926585,
    0.006862556454367363,
    0.005898962907779675,
    0.005666682102645819,
    0.0051758766102676206,
    0.005441164382948325,
    0.005316153383598878,
    0.005102987616108014,
    0.005215220798093539,
    0.005140952479380827,
    0.0050469644976636535,
    0.004709877288685395,
    0.004828196806976428,
    0.0047736263547379235,
    0.004917745872472341,
    0.004546822012903599,
    0.004215607455430122,
    0.004374958771782426,
    0.004642639398718109,
    0.004248219130274195,
    0.0043648709543049335,
    0.003946771863131569,
    0.00396556226321711,
    0.004424847608718734,
    0.004159981331143241,
    0.004090742512534444,
    0.003911244682967663,
    0.003801604428400214,
    0.0037280397418026742,
    0.004019471870448727,
    0.004027266503096773,
    0.0036691660419679605,
    0.0041767948736938145,
    0.0038833785623025438,
    0.003962334729014681,
    0.0036966801406099247
  ],
  "val_loss": [
    0.07597263157367706,
    0.033427637070417404,
    0.025464138481765985,
    0.017510777805000544,
    0.006294960738159716,
    0.004798797192052007,
    0.005081627983599901,
    0.004206535057164729,
    0.003990898374468088,
    0.0030270859715528786,
    0.005039343144744635,
    0.004492635256610811,
    0.0025327078183181584,
    0.00241318583721295,
    0.0022005394275765866,
    0.0028483594651333988,
    0.0023315423168241978,
    0.002223510993644595,
    0.001986174698686227,
    0.0022943055373616517,
    0.0019803329196292907,
    0.0016518455813638866,
    0.0018828757456503808,
    0.0016410978860221803,
    0.0019172039174009115,
    0.0014215341652743518,
    0.0016587330610491335,
    0.0013084801903460175,
    0.0016389003139920533,
    0.0015355003124568611,
    0.001874377514468506,
    0.0014347010583151132,
    0.0011779350461438298,
    0.0014084362192079425,
    0.0014914880448486656,
    0.0010875992884393781,
    0.0011225890193600208,
    0.0010468607797520235,
    0.0011635547853074968,
    0.001156057754997164,
    0.001054642052622512,
    0.0010661761480150744,
    0.00104300954262726,
    0.0010973841999657452,
    0.0010145911801373586,
    0.0010070018179249018,
    0.001053712927387096,
    0.001040105868014507,
    0.0010691612696973607,
    0.001033510488923639
  ],
  "val_rms_nm": [
    24.08152484893799,
    15.965400695800781,
    13.877063989639282,
    11.494457721710205,
    6.807861566543579,
    5.97373628616333,
    6.144265174865723,
    5.575250029563904,
    5.400751352310181,
    4.7521151304244995,
    6.076892137527466,
    5.68518602848053,
    4.288377165794373,
    4.159710764884949,
    4.017510890960693,
    4.570307493209839,
    4.1471962332725525,
    4.035801827907562,
    3.8350228667259216,
    4.108658850193024,
    3.8228201866149902,
    3.475771427154541,
    3.738984704017639,
    3.4718021750450134,
    3.662565052509308,
    3.2364450693130493,
    3.4719688296318054,
    3.097943127155304,
    3.440752923488617,
    3.3541577458381653,
    3.6862520575523376,
    3.241356372833252,
    2.9413707852363586,
    3.2341636419296265,
    3.3236096501350403,
    2.8245432376861572,
    2.8879658579826355,
    2.7752615213394165,
    2.9252573251724243,
    2.920253276824951,
    2.7968162894248962,
    2.8070003390312195,
    2.777788817882538,
    2.852825105190277,
    2.733843207359314,
    2.727650463581085,
    2.792031764984131,
    2.773588001728058,
    2.814298629760742,
    2.7668007612228394
  ]
}