{
  "train_loss": [
    0.059757322228203215,
    0.013092370800829181,
    0.004881413624389097,
    0.0036194329150021076,
    0.0031253384076990187,
    0.002708413744888579,
    0.0021316187873405093,
    0.001543235140464579,
    0.0010540377261349931,
    0.0008380632328529222,
    0.0007483145818696357,
    0.0006707703869324178,
    0.0006021070269828973,
    0.0005689335157512687,
    0.000538328447873937,
    0.0005189196999708656,
    0.0004836451674539906,
    0.00045840339710897143,
    0.00044208255349076353,
    0.0004212415951769799,
    0.0004053821042665125,
    0.00039057278020967107,
    0.0003806942052809366,
    0.00037019909359514713,
    0.00036024515429744497,
    0.00035695730305936496,
    0.00034994882056101534,
    0.00035215943717048503,
    0.0003483749351289589,
    0.0003463555500881436
  ],
  "val_loss": [
    0.019756794596711796,
    0.00638692236195008,
    0.004004997744535406,
    0.0033165295996392765,
    0.0029589890812834105,
    0.0023102834432696304,
    0.0017142022455421586,
    0.0011834300433595975,
    0.0008170110425756624,
    0.0007284636861489465,
    0.0006975953001528978,
    0.000599059509113431,
    0.0005458861075264091,
    0.0005096899694763124,
    0.0005297306828045597,
    0.0004588035711397727,
    0.00045098235811262083,
    0.0004371798228627692,
    0.00042240767894933623,
    0.0003960961427461977,
    0.00037989595148246735,
    0.0003682903091733654,
    0.0003549403481883928,
    0.00034079320418337983,
    0.0003379632010667895,
    0.0003314516555595522,
    0.0003302729067703088,
    0.00032864722500865656,
    0.00032766315174133825,
    0.0003273009982270499
  ]
}