{
  "train_loss": [
    0.05647873467144867,
    0.014521826058626175,
    0.005110405142962311,
    0.003408182014633591,
    0.0027928868463883796,
    0.002456565717390428,
    0.0020475470713184527,
    0.0016278567297073703,
    0.001118567721277941,
    0.0008679043263934242,
    0.0007228233904849427,
    0.0006610016522851462,
    0.0006254886126650187,
    0.000579872178301836,
    0.0005359355139565499,
    0.0005004985650884919,
    0.0004773918032393946,
    0.0004607158371072728,
    0.00043623032373337384,
    0.0004233484626941693,
    0.0003942785381999177,
    0.00038257160849752836,
    0.0003688394996667436,
    0.0003551728259481024,
    0.00034130836502299644,
    0.00033920017691950005,
    0.0003317609650063484,
    0.0003248399880249053,
    0.0003285224811406806,
    0.0003267433858127333
  ],
  "val_loss": [
    0.0178998497625192,
    0.007597172477593024,
    0.00375205356006821,
    0.0029277477879077196,
    0.002834250646022459,
    0.002224607781196634,
    0.0019275793068421383,
    0.0012292091851122677,
    0.0009241724037565291,
    0.0006859412145180007,
    0.0006430346402339637,
    0.0005623566248686984,
    0.0005620727752102539,
    0.0004973132551337282,
    0.00047845139730876934,
    0.00044781329537120956,
    0.00042889091128017753,
    0.0004294907460765292,
    0.0003859086282318458,
    0.00035929859344226617,
    0.00035826125046393525,
    0.0003344069458156203,
    0.0003338582318974659,
    0.0003121418412774801,
    0.00030221334115291637,
    0.0002982817920080076,
    0.00029557381640188396,
    0.00029249084279096377,
    0.0002924475750963514,
    0.0002918806761347999
  ]
}