{
  "train_loss": [
    0.0490967424120754,
    0.013290402421262115,
    0.004714451468316838,
    0.0034870393574237823,
    0.002931193739641458,
    0.0024372020949764797,
    0.0021530803836261234,
    0.0017336195014650002,
    0.0011517942596886617,
    0.0007630665107474973,
    0.0006349109899019822,
    0.0005899827713922908,
    0.0005517908721230924,
    0.0005174890393391252,
    0.0004920014847205797,
    0.00046565251129019697,
    0.0004381650408807521,
    0.0004107338051350477,
    0.00039777652636985295,
    0.0003884577320908041,
    0.00036562539025908336,
    0.00035505040432326496,
    0.00034420605273529265,
    0.0003307135787811906,
    0.0003242408177660157,
    0.0003221383776690345,
    0.00031841393441330484,
    0.00032005662675752927,
    0.00031018793136657524,
    0.0003123937725225308
  ],
  "val_loss": [
    0.017913705048461754,
    0.006398679067691167,
    0.003645289999743303,
    0.003146319456088046,
    0.0026811055916671953,
    0.002370352391153574,
    0.0018588233700332542,
    0.001314928677553932,
    0.0008333226141985506,
    0.000575232261326164,
    0.0005333646404324099,
    0.0005315276842641955,
    0.0004675280846034487,
    0.00045219622552394867,
    0.0004266419030803566,
    0.00039826140952451777,
    0.00037361062519873184,
    0.0003504475365237643,
    0.0003408770911240329,
    0.0003175564925186336,
    0.00030184907276028145,
    0.0002917522263790791,
    0.00029630984742349636,
    0.00027815655145483714,
    0.00026907380621802684,
    0.00026575755085408065,
    0.00026356841165882844,
    0.0002608387658256106,
    0.00026001625034647685,
    0.0002600720908958465
  ]
}