{
  "train_loss": [
    0.0600523033645004,
    0.014374875618765751,
    0.005151125068853919,
    0.003421901298376421,
    0.0028831402208500854,
    0.002469471025203044,
    0.001989177088641251,
    0.0014586685235068824,
    0.001052553908569583,
    0.0007790827561014643,
    0.0006692780055648958,
    0.0006047463321010582,
    0.0005786132205685135,
    0.0005084836423823921,
    0.0004959785765095148,
    0.0004678064299999581,
    0.00045275949135733146,
    0.00043179779580289807,
    0.0004142241984178933,
    0.0003939362383486393,
    0.00038063506023415056,
    0.0003663058814709075,
    0.0003654741837332646,
    0.00035812562055070885,
    0.00034376292508871603,
    0.0003486634874813414,
    0.0003395196981728077,
    0.0003316558189302062,
    0.0003355647422722541,
    0.0003304195827998531
  ],
  "val_loss": [
    0.01880565844476223,
    0.007714537748446067,
    0.0037715074916680655,
    0.0029291680936391153,
    0.002658167155459523,
    0.0021163001656532288,
    0.001651624625083059,
    0.0012251713196747005,
    0.0008546222525183111,
    0.000627470260951668,
    0.0005644409878489872,
    0.0005461450588578979,
    0.0005047604984914263,
    0.0004857351159444079,
    0.0004638957664913808,
    0.00042535252578090876,
    0.00039107144402805716,
    0.00037962008112420637,
    0.0003541818344577526,
    0.00035256203652049106,
    0.0003583378759988894,
    0.0003372492113461097,
    0.000323257675821272,
    0.0003125324292341247,
    0.00030377346168582636,
    0.000302393712142172,
    0.00029853110512097675,
    0.0002989728042545418,
    0.0002965118328575045,
    0.0002965848204136516
  ]
}